rank	risk_score	risk_priority	query_rna	query_dna_normalized	motif_length	matched_sequence_rna	matched_sequence_dna	match_pattern	exact_match	mismatch_count	mismatch_positions	weighted_mismatch_penalty	sequence_identity	sequence_score	search_orientation	gene_id	gene_id_without_version	gene_name	gene_type	gene_description	transcript_id	transcript_id_without_version	transcript_type	transcript_tags	chromosome	strand	genomic_blocks	transcript_start	transcript_end	transcript_region	exon_number	junction_spanning	distance_to_nearest_junction	overlaps_start_codon	overlaps_stop_codon	target_tissue_tpm	target_tissue_tpm_by_tissue	all_tissue_tpm	max_tissue_tpm	median_tissue_tpm	top_expressed_tissue	number_of_tissues_tpm_ge_1	number_of_tissues_tpm_ge_10	tissue_specificity_tau	expression_score	motif_mean_unpaired_probability	motif_min_unpaired_probability	opening_energy	accessibility_score	accessibility_profile	structure_window_transcript_start	transcript_features	transcript_junctions	editor	editing_window	editable_base_count	potential_edit_positions	coding_consequence	consequence_summary	consequence_evidence_level	consequence_score	missing_features	warnings
1	100.0	Very high priority	AACGUCUAUA	AACGTCTATA	10	AACGUCUAUA	AACGTCTATA	"Query: AACGUCUAUA
       ||||||||||
Hit:   AACGUCUAUA"	True	0	[]	0.0	1.0	1.0	forward	ENSG000001.5	ENSG000001	GENE1	protein_coding	Not available	ENST000001.1	ENST000001	protein_coding	"[""basic"", ""MANE_Select""]"	chr1	+	"[{""chromosome"":""chr1"",""start_1based"":111,""end_1based"":115},{""chromosome"":""chr1"",""start_1based"":201,""end_1based"":205}]"	11	20	splice_junction_spanning	"[""1"", ""2""]"	True	0.0	False	False		null	null												[]	1	"{""CDS"": [[5, 15], [15, 25]], ""start_codon"": [[5, 8]], ""stop_codon"": [[22, 25]]}"	[15]			0	[]		Potential effect on RNA processing or splicing. Experimental validation is required.	Level 1	1.0	"[""accessibility"", ""expression""]"	"[""GTEx expression data were not provided""]"
2	100.0	Very high priority	AACGUCUAUA	AACGTCTATA	10	AACGUCUAUA	AACGTCTATA	"Query: AACGUCUAUA
       ||||||||||
Hit:   AACGUCUAUA"	True	0	[]	0.0	1.0	1.0	forward	ENSG000001.5	ENSG000001	GENE1	protein_coding	Not available	ENST000003.2	ENST000003	protein_coding	"[""appris_principal_1""]"	chr1	+	"[{""chromosome"":""chr1"",""start_1based"":111,""end_1based"":115},{""chromosome"":""chr1"",""start_1based"":201,""end_1based"":205}]"	11	20	splice_junction_spanning	"[""1"", ""2""]"	True	0.0	False	False		null	null												[]	1	{}	[15]			0	[]		Potential effect on RNA processing or splicing. Experimental validation is required.	Level 1	1.0	"[""accessibility"", ""expression""]"	"[""GTEx expression data were not provided""]"
3	98.25931938526898	Very high priority	AACGUCUAUA	AACGTCTATA	10	AACGUCUAUA	AACGTCTATA	"Query: AACGUCUAUA
       ||||||||||
Hit:   AACGUCUAUA"	True	0	[]	0.0	1.0	1.0	forward	ENSG000002.1	ENSG000002	GENE2	protein_coding	Not available	ENST000002.1	ENST000002	protein_coding	"[""basic""]"	chr2	-	"[{""chromosome"":""chr2"",""start_1based"":401,""end_1based"":410}]"	6	15	splice_proximal	"[""1""]"	False	0.0	False	False		null	null												[]	1	"{""CDS"": [[0, 15], [15, 30]], ""start_codon"": [[0, 3]], ""stop_codon"": [[27, 30]]}"	[15]			0	[]		Potential effect on RNA processing or splicing. Experimental validation is required.	Level 1	0.9	"[""accessibility"", ""expression""]"	"[""GTEx expression data were not provided""]"
4	93.07196706532547	Very high priority	AACGUCUAUA	AACGTCTATA	10	AACGUCUAUA	AACGTCTATA	"Query: AACGUCUAUA
       ||||||||||
Hit:   AACGUCUAUA"	True	0	[]	0.0	1.0	1.0	forward	ENSG000004.1	ENSG000004	GENE4	protein_coding	Not available	ENST000004.1	ENST000004	protein_coding	"[""basic""]"	chr3	+	"[{""chromosome"":""chr3"",""start_1based"":101,""end_1based"":110}]"	1	10	5UTR	"[""1""]"	False		False	False		null	null												[]	1	"{""UTR"": [[0, 10], [30, 40]], ""CDS"": [[10, 30]], ""start_codon"": [[10, 13]], ""stop_codon"": [[27, 30]]}"	[]			0	[]		Potential effect on RNA stability, translation, processing, or endogenous RBP competition. Experimental validation is required.	Level 1	0.65	"[""accessibility"", ""expression""]"	"[""GTEx expression data were not provided""]"
5	91.83859021684452	Very high priority	AACGUCUAUA	AACGTCTATA	10	AACGUCUAUA	AACGTCTATA	"Query: AACGUCUAUA
       ||||||||||
Hit:   AACGUCUAUA"	True	0	[]	0.0	1.0	1.0	forward	ENSG000004.1	ENSG000004	GENE4	protein_coding	Not available	ENST000004.1	ENST000004	protein_coding	"[""basic""]"	chr3	+	"[{""chromosome"":""chr3"",""start_1based"":131,""end_1based"":140}]"	31	40	3UTR	"[""1""]"	False		False	False		null	null												[]	1	"{""UTR"": [[0, 10], [30, 40]], ""CDS"": [[10, 30]], ""start_codon"": [[10, 13]], ""stop_codon"": [[27, 30]]}"	[]			0	[]		Potential effect on RNA stability, translation, processing, or endogenous RBP competition. Experimental validation is required.	Level 1	0.6	"[""accessibility"", ""expression""]"	"[""GTEx expression data were not provided""]"
6	81.60130268992198	Very high priority	AACGUCUAUA	AACGTCTATA	10	AACGACUAUA	AACGACTATA	"Query: AACGUCUAUA
       ||||.|||||
Hit:   AACGACUAUA"	False	1	[5]	1.0	0.9	0.9	forward	ENSG000005.1	ENSG000005	GENE5	lncRNA	Not available	ENST000005.1	ENST000005	lncRNA	[]	chr4	+	"[{""chromosome"":""chr4"",""start_1based"":506,""end_1based"":515}]"	6	15	exonic_non_coding	"[""1""]"	False		False	False		null	null												[]	1	{}	[]			0	[]		Potential effect on RNA stability, translation, processing, or endogenous RBP competition. Experimental validation is required.	Level 1	0.5	"[""accessibility"", ""expression""]"	"[""GTEx expression data were not provided""]"
